ID,PATH
0,Resources/40x40_png/00_base.png
1,Resources/40x40_png/ace.png
2,Resources/40x40_png/acid-blob.png
3,Resources/40x40_png/acid-tube.png
4,Resources/40x40_png/acid.png
5,Resources/40x40_png/acorn.png
6,Resources/40x40_png/aerial-signal.png
7,Resources/40x40_png/aerosol.png
8,Resources/40x40_png/afterburn.png
9,Resources/40x40_png/alien-skull.png
10,Resources/40x40_png/alien-stare.png
11,Resources/40x40_png/all-for-one.png
12,Resources/40x40_png/alligator-clip.png
13,Resources/40x40_png/ammo-box.png
14,Resources/40x40_png/ammonite-fossil.png
15,Resources/40x40_png/ammonite.png
16,Resources/40x40_png/amphora.png
17,Resources/40x40_png/anatomy.png
18,Resources/40x40_png/anchor.png
19,Resources/40x40_png/andromeda-chain.png
20,Resources/40x40_png/angel-outfit.png
21,Resources/40x40_png/angel-wings.png
22,Resources/40x40_png/angler-fish.png
23,Resources/40x40_png/angular-spider.png
24,Resources/40x40_png/animal-hide.png
25,Resources/40x40_png/animal-skull.png
26,Resources/40x40_png/ankh.png
27,Resources/40x40_png/anthem.png
28,Resources/40x40_png/anvil-impact.png
29,Resources/40x40_png/anvil.png
30,Resources/40x40_png/apple-maggot.png
31,Resources/40x40_png/apple-seeds.png
32,Resources/40x40_png/aquarius.png
33,Resources/40x40_png/archery-target.png
34,Resources/40x40_png/architect-mask.png
35,Resources/40x40_png/arcing-bolt.png
36,Resources/40x40_png/arena.png
37,Resources/40x40_png/aries.png
38,Resources/40x40_png/armadillo-tail.png
39,Resources/40x40_png/armoured-shell.png
40,Resources/40x40_png/arrow-cluster.png
41,Resources/40x40_png/arrow-flights.png
42,Resources/40x40_png/arrowed.png
43,Resources/40x40_png/arrowhead.png
44,Resources/40x40_png/arrows-shield.png
45,Resources/40x40_png/arson.png
46,Resources/40x40_png/artificial-hive.png
47,Resources/40x40_png/at-sea.png
48,Resources/40x40_png/atomic-slashes.png
49,Resources/40x40_png/aubergine.png
50,Resources/40x40_png/aura.png
51,Resources/40x40_png/auto-repair.png
52,Resources/40x40_png/autogun.png
53,Resources/40x40_png/awareness.png
54,Resources/40x40_png/axe-in-stump.png
55,Resources/40x40_png/axe-swing.png
56,Resources/40x40_png/back-forth.png
57,Resources/40x40_png/back-pain.png
58,Resources/40x40_png/backstab.png
59,Resources/40x40_png/backup.png
60,Resources/40x40_png/balloons.png
61,Resources/40x40_png/bandage-roll.png
62,Resources/40x40_png/bandaged.png
63,Resources/40x40_png/barbed-arrow.png
64,Resources/40x40_png/barbed-spear.png
65,Resources/40x40_png/barbed-wire.png
66,Resources/40x40_png/barbute.png
67,Resources/40x40_png/barefoot.png
68,Resources/40x40_png/bat-blade.png
69,Resources/40x40_png/bat-wing.png
70,Resources/40x40_png/battered-axe.png
71,Resources/40x40_png/batteries.png
72,Resources/40x40_png/battery-0.png
73,Resources/40x40_png/battery-100.png
74,Resources/40x40_png/battery-25.png
75,Resources/40x40_png/battery-50.png
76,Resources/40x40_png/battery-75.png
77,Resources/40x40_png/battery-minus.png
78,Resources/40x40_png/battery-pack-alt.png
79,Resources/40x40_png/battery-pack.png
80,Resources/40x40_png/battery-plus.png
81,Resources/40x40_png/battle-axe.png
82,Resources/40x40_png/battle-gear.png
83,Resources/40x40_png/batwing-emblem.png
84,Resources/40x40_png/beam-wake.png
85,Resources/40x40_png/beams-aura.png
86,Resources/40x40_png/beanstalk.png
87,Resources/40x40_png/beard.png
88,Resources/40x40_png/beast-eye.png
89,Resources/40x40_png/bee.png
90,Resources/40x40_png/beech.png
91,Resources/40x40_png/beer-stein.png
92,Resources/40x40_png/beetle-shell.png
93,Resources/40x40_png/behold.png
94,Resources/40x40_png/belt-buckles.png
95,Resources/40x40_png/bestial-fangs.png
96,Resources/40x40_png/beveled-star.png
97,Resources/40x40_png/big-egg.png
98,Resources/40x40_png/big-wave.png
99,Resources/40x40_png/biohazard.png
100,Resources/40x40_png/bird-claw.png
101,Resources/40x40_png/bird-limb.png
102,Resources/40x40_png/bird-mask.png
103,Resources/40x40_png/bird-twitter.png
104,Resources/40x40_png/black-bar.png
105,Resources/40x40_png/black-book.png
106,Resources/40x40_png/black-cat.png
107,Resources/40x40_png/black-flag.png
108,Resources/40x40_png/black-hole-bolas.png
109,Resources/40x40_png/blackball.png
110,Resources/40x40_png/blackcurrant.png
111,Resources/40x40_png/blade-bite.png
112,Resources/40x40_png/blade-fall.png
113,Resources/40x40_png/blast.png
114,Resources/40x40_png/blaster.png
115,Resources/40x40_png/bleeding-eye.png
116,Resources/40x40_png/bleeding-heart.png
117,Resources/40x40_png/bloody-stash.png
118,Resources/40x40_png/blunderbuss.png
119,Resources/40x40_png/boar-tusks.png
120,Resources/40x40_png/boiling-bubbles.png
121,Resources/40x40_png/bolas.png
122,Resources/40x40_png/bolt-shield.png
123,Resources/40x40_png/bolter-gun.png
124,Resources/40x40_png/bombing-run.png
125,Resources/40x40_png/bone-gnawer.png
126,Resources/40x40_png/bone-knife.png
127,Resources/40x40_png/book-aura.png
128,Resources/40x40_png/book-cover.png
129,Resources/40x40_png/book-storm.png
130,Resources/40x40_png/bookmark.png
131,Resources/40x40_png/bookmarklet.png
132,Resources/40x40_png/boomerang.png
133,Resources/40x40_png/boot-prints.png
134,Resources/40x40_png/boot-stomp.png
135,Resources/40x40_png/boots.png
136,Resources/40x40_png/bordered-shield.png
137,Resources/40x40_png/bottle-vapors.png
138,Resources/40x40_png/bottled-bolt.png
139,Resources/40x40_png/bottom-right-3d-arrow.png
140,Resources/40x40_png/bowie-knife.png
141,Resources/40x40_png/bowl-spiral.png
142,Resources/40x40_png/bowling-propulsion.png
143,Resources/40x40_png/bowman.png
144,Resources/40x40_png/boxing-glove-surprise.png
145,Resources/40x40_png/boxing-glove.png
146,Resources/40x40_png/brain-freeze.png
147,Resources/40x40_png/brain-stem.png
148,Resources/40x40_png/brain.png
149,Resources/40x40_png/brainstorm.png
150,Resources/40x40_png/branch-arrow.png
151,Resources/40x40_png/brandy-bottle.png
152,Resources/40x40_png/brass-eye.png
153,Resources/40x40_png/breastplate.png
154,Resources/40x40_png/brick-pile.png
155,Resources/40x40_png/bridge.png
156,Resources/40x40_png/broadhead-arrow.png
157,Resources/40x40_png/broadsword.png
158,Resources/40x40_png/broken-bone.png
159,Resources/40x40_png/broken-bottle.png
160,Resources/40x40_png/broken-heart.png
161,Resources/40x40_png/broken-shield.png
162,Resources/40x40_png/broken-skull.png
163,Resources/40x40_png/broken-tablet.png
164,Resources/40x40_png/brutal-helm.png
165,Resources/40x40_png/bubble-field.png
166,Resources/40x40_png/bubbling-flask.png
167,Resources/40x40_png/bud.png
168,Resources/40x40_png/bugle-call.png
169,Resources/40x40_png/bulb.png
170,Resources/40x40_png/bull-horns.png
171,Resources/40x40_png/bull.png
172,Resources/40x40_png/bullets.png
173,Resources/40x40_png/burn.png
174,Resources/40x40_png/burning-book.png
175,Resources/40x40_png/burning-dot.png
176,Resources/40x40_png/burning-embers.png
177,Resources/40x40_png/burning-eye.png
178,Resources/40x40_png/burning-meteor.png
179,Resources/40x40_png/burning-passion.png
180,Resources/40x40_png/burning-round-shot.png
181,Resources/40x40_png/burning-tree.png
182,Resources/40x40_png/burst-blob.png
183,Resources/40x40_png/butterfly-warning.png
184,Resources/40x40_png/butterfly.png
185,Resources/40x40_png/caged-ball.png
186,Resources/40x40_png/cake-slice.png
187,Resources/40x40_png/caldera.png
188,Resources/40x40_png/campfire.png
189,Resources/40x40_png/cancel.png
190,Resources/40x40_png/cancer.png
191,Resources/40x40_png/candle-flame.png
192,Resources/40x40_png/candle-holder.png
193,Resources/40x40_png/candle-light.png
194,Resources/40x40_png/candle-skull.png
195,Resources/40x40_png/candlebright.png
196,Resources/40x40_png/cannister.png
197,Resources/40x40_png/cannon-ball.png
198,Resources/40x40_png/cannon-shot.png
199,Resources/40x40_png/cannon.png
200,Resources/40x40_png/capitol.png
201,Resources/40x40_png/capricorn.png
202,Resources/40x40_png/cargo-crane.png
203,Resources/40x40_png/carillon.png
204,Resources/40x40_png/carrion.png
205,Resources/40x40_png/carrot.png
206,Resources/40x40_png/cartwheel.png
207,Resources/40x40_png/cash.png
208,Resources/40x40_png/castle.png
209,Resources/40x40_png/cauldron.png
210,Resources/40x40_png/cctv-camera.png
211,Resources/40x40_png/centipede.png
212,Resources/40x40_png/chain-lightning.png
213,Resources/40x40_png/chain-mail.png
214,Resources/40x40_png/chained-heart.png
215,Resources/40x40_png/chaingun.png
216,Resources/40x40_png/chalice-drops.png
217,Resources/40x40_png/charm.png
218,Resources/40x40_png/checkbox-tree.png
219,Resources/40x40_png/checked-shield.png
220,Resources/40x40_png/cheerful.png
221,Resources/40x40_png/cheese-wedge.png
222,Resources/40x40_png/chemical-arrow.png
223,Resources/40x40_png/chemical-bolt.png
224,Resources/40x40_png/chemical-drop.png
225,Resources/40x40_png/chemical-tank.png
226,Resources/40x40_png/chicken-leg.png
227,Resources/40x40_png/circuitry.png
228,Resources/40x40_png/circular-saw.png
229,Resources/40x40_png/circular-sawblade.png
230,Resources/40x40_png/claw-hammer.png
231,Resources/40x40_png/claw.png
232,Resources/40x40_png/cloak-dagger.png
233,Resources/40x40_png/clockwork.png
234,Resources/40x40_png/clout.png
235,Resources/40x40_png/clover (2).png
236,Resources/40x40_png/clover-spiked.png
237,Resources/40x40_png/clover.png
238,Resources/40x40_png/cluster-bomb.png
239,Resources/40x40_png/cobweb.png
240,Resources/40x40_png/coffee-mug.png
241,Resources/40x40_png/coffin.png
242,Resources/40x40_png/cog-lock.png
243,Resources/40x40_png/cog.png
244,Resources/40x40_png/cogsplosion.png
245,Resources/40x40_png/coiling-curl.png
246,Resources/40x40_png/cold-heart.png
247,Resources/40x40_png/coma.png
248,Resources/40x40_png/comb.png
249,Resources/40x40_png/compass.png
250,Resources/40x40_png/concentration-orb.png
251,Resources/40x40_png/condor-emblem.png
252,Resources/40x40_png/condylura-skull.png
253,Resources/40x40_png/conversation.png
254,Resources/40x40_png/cool-spices.png
255,Resources/40x40_png/corked-tube.png
256,Resources/40x40_png/cowled.png
257,Resources/40x40_png/crab-claw.png
258,Resources/40x40_png/crab.png
259,Resources/40x40_png/cracked-ball-dunk.png
260,Resources/40x40_png/cracked-disc.png
261,Resources/40x40_png/cracked-glass.png
262,Resources/40x40_png/cracked-helm.png
263,Resources/40x40_png/cracked-mask.png
264,Resources/40x40_png/cracked-saber.png
265,Resources/40x40_png/cracked-shield.png
266,Resources/40x40_png/crags.png
267,Resources/40x40_png/crenulated-shield.png
268,Resources/40x40_png/crescent-blade.png
269,Resources/40x40_png/crested-helmet.png
270,Resources/40x40_png/croc-jaws.png
271,Resources/40x40_png/croc-sword.png
272,Resources/40x40_png/crossbow.png
273,Resources/40x40_png/crossed-air-flows.png
274,Resources/40x40_png/crossed-axes.png
275,Resources/40x40_png/crossed-bones.png
276,Resources/40x40_png/crossed-chains.png
277,Resources/40x40_png/crossed-claws.png
278,Resources/40x40_png/crossed-pistols.png
279,Resources/40x40_png/crossed-sabres.png
280,Resources/40x40_png/crossed-slashes.png
281,Resources/40x40_png/crossed-swords.png
282,Resources/40x40_png/crow-dive.png
283,Resources/40x40_png/crown-coin.png
284,Resources/40x40_png/crown-of-thorns.png
285,Resources/40x40_png/crown.png
286,Resources/40x40_png/crowned-explosion.png
287,Resources/40x40_png/crowned-heart.png
288,Resources/40x40_png/crowned-skull.png
289,Resources/40x40_png/crush.png
290,Resources/40x40_png/crystal-ball.png
291,Resources/40x40_png/crystal-bars.png
292,Resources/40x40_png/crystal-cluster.png
293,Resources/40x40_png/crystal-eye.png
294,Resources/40x40_png/crystal-growth.png
295,Resources/40x40_png/crystal-shine.png
296,Resources/40x40_png/crystal-wand.png
297,Resources/40x40_png/crystalize.png
298,Resources/40x40_png/cubeforce.png
299,Resources/40x40_png/cubes.png
300,Resources/40x40_png/cupidon-arrow.png
301,Resources/40x40_png/curled-leaf.png
302,Resources/40x40_png/curled-tentacle.png
303,Resources/40x40_png/curling-vines.png
304,Resources/40x40_png/curly-wing.png
305,Resources/40x40_png/curvy-knife.png
306,Resources/40x40_png/cut-diamond.png
307,Resources/40x40_png/cut-palm.png
308,Resources/40x40_png/cycle.png
309,Resources/40x40_png/cyclops.png
310,Resources/40x40_png/daggers.png
311,Resources/40x40_png/daisy.png
312,Resources/40x40_png/dark-squad.png
313,Resources/40x40_png/dead-eye.png
314,Resources/40x40_png/dead-wood.png
315,Resources/40x40_png/death-note.png
316,Resources/40x40_png/death-skull.png
317,Resources/40x40_png/death-zone.png
318,Resources/40x40_png/deathcab.png
319,Resources/40x40_png/decapitation.png
320,Resources/40x40_png/defibrilate.png
321,Resources/40x40_png/demolish.png
322,Resources/40x40_png/dervish-swords.png
323,Resources/40x40_png/desert-skull.png
324,Resources/40x40_png/desk-lamp.png
325,Resources/40x40_png/despair.png
326,Resources/40x40_png/diablo-skull.png
327,Resources/40x40_png/diamond-hard.png
328,Resources/40x40_png/dice-six-faces-five.png
329,Resources/40x40_png/dice-six-faces-four.png
330,Resources/40x40_png/dice-six-faces-one.png
331,Resources/40x40_png/dice-six-faces-six.png
332,Resources/40x40_png/dice-six-faces-three.png
333,Resources/40x40_png/dice-six-faces-two.png
334,Resources/40x40_png/dig-dug.png
335,Resources/40x40_png/dinosaur-bones.png
336,Resources/40x40_png/dinosaur-egg.png
337,Resources/40x40_png/dinosaur-rex.png
338,Resources/40x40_png/disintegrate.png
339,Resources/40x40_png/distraction.png
340,Resources/40x40_png/divergence.png
341,Resources/40x40_png/divert.png
342,Resources/40x40_png/diving-dagger.png
343,Resources/40x40_png/dna1.png
344,Resources/40x40_png/dna2.png
345,Resources/40x40_png/doctor-face.png
346,Resources/40x40_png/dodge.png
347,Resources/40x40_png/dodging.png
348,Resources/40x40_png/domino-mask.png
349,Resources/40x40_png/double-dragon.png
350,Resources/40x40_png/double-quaver.png
351,Resources/40x40_png/double-shot.png
352,Resources/40x40_png/doubled.png
353,Resources/40x40_png/dove.png
354,Resources/40x40_png/dozen.png
355,Resources/40x40_png/dragon-balls.png
356,Resources/40x40_png/dragon-breath.png
357,Resources/40x40_png/dragon-head.png
358,Resources/40x40_png/dragon-spiral.png
359,Resources/40x40_png/dragonfly.png
360,Resources/40x40_png/drama-masks.png
361,Resources/40x40_png/drill.png
362,Resources/40x40_png/drink-me.png
363,Resources/40x40_png/dripping-blade.png
364,Resources/40x40_png/dripping-goo.png
365,Resources/40x40_png/dripping-honey.png
366,Resources/40x40_png/dripping-knife.png
367,Resources/40x40_png/dripping-stone.png
368,Resources/40x40_png/dripping-sword.png
369,Resources/40x40_png/drop.png
370,Resources/40x40_png/droplet-splash.png
371,Resources/40x40_png/droplets.png
372,Resources/40x40_png/drowning.png
373,Resources/40x40_png/duality.png
374,Resources/40x40_png/duel.png
375,Resources/40x40_png/eagle-emblem.png
376,Resources/40x40_png/earth-crack.png
377,Resources/40x40_png/earth-spit.png
378,Resources/40x40_png/eclipse.png
379,Resources/40x40_png/edge-crack.png
380,Resources/40x40_png/edged-shield.png
381,Resources/40x40_png/egg-clutch.png
382,Resources/40x40_png/egg-pod.png
383,Resources/40x40_png/egyptian-pyramids.png
384,Resources/40x40_png/elderberry.png
385,Resources/40x40_png/electric-whip.png
386,Resources/40x40_png/electric.png
387,Resources/40x40_png/elf-ear.png
388,Resources/40x40_png/ember-shot.png
389,Resources/40x40_png/embrassed-energy.png
390,Resources/40x40_png/embryo.png
391,Resources/40x40_png/emerald.png
392,Resources/40x40_png/empty-chessboard.png
393,Resources/40x40_png/empty-hourglass.png
394,Resources/40x40_png/energise.png
395,Resources/40x40_png/energy-arrow.png
396,Resources/40x40_png/energy-shield.png
397,Resources/40x40_png/energy-sword.png
398,Resources/40x40_png/engagement-ring.png
399,Resources/40x40_png/ent-mouth.png
400,Resources/40x40_png/envelope.png
401,Resources/40x40_png/erlenmeyer.png
402,Resources/40x40_png/eruption.png
403,Resources/40x40_png/eskimo.png
404,Resources/40x40_png/evil-book.png
405,Resources/40x40_png/evil-fork.png
406,Resources/40x40_png/evil-moon.png
407,Resources/40x40_png/evil-tree.png
408,Resources/40x40_png/evil-wings.png
409,Resources/40x40_png/expander.png
410,Resources/40x40_png/explosive-materials.png
411,Resources/40x40_png/extra-lucid.png
412,Resources/40x40_png/eye-shield.png
413,Resources/40x40_png/eyeball.png
414,Resources/40x40_png/eyedropper.png
415,Resources/40x40_png/eyestalk.png
416,Resources/40x40_png/fairy-wand.png
417,Resources/40x40_png/fairy.png
418,Resources/40x40_png/fall-down.png
419,Resources/40x40_png/falling-eye.png
420,Resources/40x40_png/falling-leaf.png
421,Resources/40x40_png/falling-ovoid.png
422,Resources/40x40_png/falling.png
423,Resources/40x40_png/fanged-skull.png
424,Resources/40x40_png/feather.png
425,Resources/40x40_png/feathered-wing.png
426,Resources/40x40_png/fedora.png
427,Resources/40x40_png/female.png
428,Resources/40x40_png/fez.png
429,Resources/40x40_png/field.png
430,Resources/40x40_png/fire-ace.png
431,Resources/40x40_png/fire-axe.png
432,Resources/40x40_png/fire-bomb.png
433,Resources/40x40_png/fire-bottle.png
434,Resources/40x40_png/fire-bowl.png
435,Resources/40x40_png/fire-breath.png
436,Resources/40x40_png/fire-punch.png
437,Resources/40x40_png/fire-ring.png
438,Resources/40x40_png/fire-shield.png
439,Resources/40x40_png/fire-wave.png
440,Resources/40x40_png/fire.png
441,Resources/40x40_png/fireball.png
442,Resources/40x40_png/fireflake.png
443,Resources/40x40_png/firework-rocket.png
444,Resources/40x40_png/fish-corpse.png
445,Resources/40x40_png/fishbone.png
446,Resources/40x40_png/fishing-hook.png
447,Resources/40x40_png/fishing-net.png
448,Resources/40x40_png/fist.png
449,Resources/40x40_png/fizzing-flask.png
450,Resources/40x40_png/flake.png
451,Resources/40x40_png/flame-spin.png
452,Resources/40x40_png/flame-tunnel.png
453,Resources/40x40_png/flame.png
454,Resources/40x40_png/flamer.png
455,Resources/40x40_png/flaming-arrow.png
456,Resources/40x40_png/flaming-claw.png
457,Resources/40x40_png/flaming-trident.png
458,Resources/40x40_png/flash-grenade.png
459,Resources/40x40_png/flat-hammer.png
460,Resources/40x40_png/fleshy-mass.png
461,Resources/40x40_png/flexible-star.png
462,Resources/40x40_png/floating-crystal.png
463,Resources/40x40_png/flower-pot.png
464,Resources/40x40_png/flowers.png
465,Resources/40x40_png/fluffy-cloud.png
466,Resources/40x40_png/fluffy-swirl.png
467,Resources/40x40_png/fluffy-wing.png
468,Resources/40x40_png/flying-dagger.png
469,Resources/40x40_png/flying-flag.png
470,Resources/40x40_png/foam.png
471,Resources/40x40_png/focused-lightning.png
472,Resources/40x40_png/folded-paper.png
473,Resources/40x40_png/food-chain.png
474,Resources/40x40_png/foot-trip.png
475,Resources/40x40_png/footprint.png
476,Resources/40x40_png/forward-field.png
477,Resources/40x40_png/fossil.png
478,Resources/40x40_png/fountain-pen.png
479,Resources/40x40_png/fountain.png
480,Resources/40x40_png/fox-head.png
481,Resources/40x40_png/fragrance.png
482,Resources/40x40_png/frankenstein-creature.png
483,Resources/40x40_png/freedom-dove.png
484,Resources/40x40_png/frog.png
485,Resources/40x40_png/front-teeth.png
486,Resources/40x40_png/frontal-lobe.png
487,Resources/40x40_png/frostfire.png
488,Resources/40x40_png/frozen-arrow.png
489,Resources/40x40_png/frozen-block.png
490,Resources/40x40_png/frozen-orb.png
491,Resources/40x40_png/fruiting.png
492,Resources/40x40_png/fulguro-punch.png
493,Resources/40x40_png/galleon.png
494,Resources/40x40_png/gamepad-cross.png
495,Resources/40x40_png/gas-mask.png
496,Resources/40x40_png/gavel.png
497,Resources/40x40_png/gaze.png
498,Resources/40x40_png/gear-hammer.png
499,Resources/40x40_png/gears.png
500,Resources/40x40_png/gecko.png
501,Resources/40x40_png/gem-chain.png
502,Resources/40x40_png/gem-necklace.png
503,Resources/40x40_png/gem-pendant.png
504,Resources/40x40_png/gemini.png
505,Resources/40x40_png/gems.png
506,Resources/40x40_png/ghost.png
507,Resources/40x40_png/gibbet.png
508,Resources/40x40_png/gift-of-knowledge.png
509,Resources/40x40_png/gift-trap.png
510,Resources/40x40_png/glass-heart.png
511,Resources/40x40_png/glass-shot.png
512,Resources/40x40_png/globe.png
513,Resources/40x40_png/gloop.png
514,Resources/40x40_png/glowing-hands.png
515,Resources/40x40_png/gluttonous-smile.png
516,Resources/40x40_png/gluttony.png
517,Resources/40x40_png/gold-bar.png
518,Resources/40x40_png/gold-scarab.png
519,Resources/40x40_png/goo-explosion.png
520,Resources/40x40_png/goo-skull.png
521,Resources/40x40_png/goo-spurt.png
522,Resources/40x40_png/gooey-daemon.png
523,Resources/40x40_png/gooey-eyed-sun.png
524,Resources/40x40_png/gooey-impact.png
525,Resources/40x40_png/gooey-sword.png
526,Resources/40x40_png/grab.png
527,Resources/40x40_png/grapes.png
528,Resources/40x40_png/grasping-claws.png
529,Resources/40x40_png/grass.png
530,Resources/40x40_png/grease-trap.png
531,Resources/40x40_png/grenade (2).png
532,Resources/40x40_png/grenade.png
533,Resources/40x40_png/grim-reaper.png
534,Resources/40x40_png/groundbreaker.png
535,Resources/40x40_png/guarded-tower.png
536,Resources/40x40_png/guillotine.png
537,Resources/40x40_png/guitar.png
538,Resources/40x40_png/gunshot.png
539,Resources/40x40_png/halberd-shuriken.png
540,Resources/40x40_png/halberd.png
541,Resources/40x40_png/half-heart.png
542,Resources/40x40_png/hammer-drop.png
543,Resources/40x40_png/hammer-nails.png
544,Resources/40x40_png/hand-of-god.png
545,Resources/40x40_png/hand-saw.png
546,Resources/40x40_png/hand.png
547,Resources/40x40_png/handcuffs.png
548,Resources/40x40_png/hanging-spider.png
549,Resources/40x40_png/harpoon-chain.png
550,Resources/40x40_png/harpoon-trident.png
551,Resources/40x40_png/harpy.png
552,Resources/40x40_png/hatchets.png
553,Resources/40x40_png/haunting.png
554,Resources/40x40_png/hazard-sign.png
555,Resources/40x40_png/head-shot.png
556,Resources/40x40_png/headshot.png
557,Resources/40x40_png/health-decrease.png
558,Resources/40x40_png/health-increase.png
559,Resources/40x40_png/health-normal.png
560,Resources/40x40_png/heart-bottle.png
561,Resources/40x40_png/heart-drop.png
562,Resources/40x40_png/heart-inside.png
563,Resources/40x40_png/heart-organ.png
564,Resources/40x40_png/heart-tower.png
565,Resources/40x40_png/heartburn.png
566,Resources/40x40_png/heat-haze.png
567,Resources/40x40_png/heavy-arrow.png
568,Resources/40x40_png/heavy-helm.png
569,Resources/40x40_png/heavy-rain.png
570,Resources/40x40_png/helmet.png
571,Resources/40x40_png/help.png
572,Resources/40x40_png/hidden.png
573,Resources/40x40_png/high-grass.png
574,Resources/40x40_png/high-shot.png
575,Resources/40x40_png/hive.png
576,Resources/40x40_png/hole-ladder.png
577,Resources/40x40_png/holy-grail.png
578,Resources/40x40_png/holy-symbol.png
579,Resources/40x40_png/honeycomb.png
580,Resources/40x40_png/honeypot.png
581,Resources/40x40_png/hood.png
582,Resources/40x40_png/hoof.png
583,Resources/40x40_png/horn-internal.png
584,Resources/40x40_png/horned-helm.png
585,Resources/40x40_png/horned-skull.png
586,Resources/40x40_png/horse-head.png
587,Resources/40x40_png/horseshoe.png
588,Resources/40x40_png/hospital-cross.png
589,Resources/40x40_png/hot-spices.png
590,Resources/40x40_png/hot-surface.png
591,Resources/40x40_png/hound.png
592,Resources/40x40_png/hourglass.png
593,Resources/40x40_png/human-ear.png
594,Resources/40x40_png/hunting-horn.png
595,Resources/40x40_png/hydra-shot.png
596,Resources/40x40_png/hydra.png
597,Resources/40x40_png/hypersonic-bolt.png
598,Resources/40x40_png/hypodermic-test.png
599,Resources/40x40_png/ice-bolt.png
600,Resources/40x40_png/ice-bomb.png
601,Resources/40x40_png/ice-cube.png
602,Resources/40x40_png/ice-shield.png
603,Resources/40x40_png/ice-spear.png
604,Resources/40x40_png/icebergs.png
605,Resources/40x40_png/ifrit.png
606,Resources/40x40_png/imbricated-arrows.png
607,Resources/40x40_png/imp-laugh.png
608,Resources/40x40_png/imp.png
609,Resources/40x40_png/impact-point.png
610,Resources/40x40_png/implosion.png
611,Resources/40x40_png/imprisoned.png
612,Resources/40x40_png/incense.png
613,Resources/40x40_png/incisors.png
614,Resources/40x40_png/infested-mass.png
615,Resources/40x40_png/ink-swirl.png
616,Resources/40x40_png/inner-self.png
617,Resources/40x40_png/insect-jaws.png
618,Resources/40x40_png/interdiction.png
619,Resources/40x40_png/internal-injury.png
620,Resources/40x40_png/internal-organ.png
621,Resources/40x40_png/interstellar-path.png
622,Resources/40x40_png/invisible-face.png
623,Resources/40x40_png/invisible.png
624,Resources/40x40_png/iron-mask.png
625,Resources/40x40_png/james-bond-aperture.png
626,Resources/40x40_png/jawbone.png
627,Resources/40x40_png/jellyfish.png
628,Resources/40x40_png/jet-pack.png
629,Resources/40x40_png/jetpack.png
630,Resources/40x40_png/jeweled-chalice.png
631,Resources/40x40_png/jigsaw-box.png
632,Resources/40x40_png/jigsaw-piece.png
633,Resources/40x40_png/journey.png
634,Resources/40x40_png/juggler.png
635,Resources/40x40_png/justice-star.png
636,Resources/40x40_png/kaleidoscope-pearls.png
637,Resources/40x40_png/kevlar.png
638,Resources/40x40_png/key (2).png
639,Resources/40x40_png/key.png
640,Resources/40x40_png/kindle.png
641,Resources/40x40_png/king.png
642,Resources/40x40_png/kitchen-knives.png
643,Resources/40x40_png/knapsack.png
644,Resources/40x40_png/knife-fork.png
645,Resources/40x40_png/knife-thrust.png
646,Resources/40x40_png/lamellar.png
647,Resources/40x40_png/lamprey-mouth.png
648,Resources/40x40_png/land-mine.png
649,Resources/40x40_png/lantern-flame.png
650,Resources/40x40_png/lantern.png
651,Resources/40x40_png/laser-blast.png
652,Resources/40x40_png/laser-gun.png
653,Resources/40x40_png/laser-sparks.png
654,Resources/40x40_png/laser-warning.png
655,Resources/40x40_png/laserburn.png
656,Resources/40x40_png/lasso.png
657,Resources/40x40_png/laurel-crown.png
658,Resources/40x40_png/laurels.png
659,Resources/40x40_png/lava.png
660,Resources/40x40_png/law-star.png
661,Resources/40x40_png/layered-armor.png
662,Resources/40x40_png/leaf-skeleton.png
663,Resources/40x40_png/leaf-swirl.png
664,Resources/40x40_png/leaky-skull.png
665,Resources/40x40_png/leather-boot.png
666,Resources/40x40_png/leather-vest.png
667,Resources/40x40_png/leeching-worm.png
668,Resources/40x40_png/leo.png
669,Resources/40x40_png/letter-bomb.png
670,Resources/40x40_png/level-four-advanced.png
671,Resources/40x40_png/level-four.png
672,Resources/40x40_png/level-three-advanced.png
673,Resources/40x40_png/level-three.png
674,Resources/40x40_png/level-two-advanced.png
675,Resources/40x40_png/level-two.png
676,Resources/40x40_png/lever.png
677,Resources/40x40_png/libra.png
678,Resources/40x40_png/life-in-the-balance.png
679,Resources/40x40_png/life-support.png
680,Resources/40x40_png/life-tap.png
681,Resources/40x40_png/lift.png
682,Resources/40x40_png/light-bulb.png
683,Resources/40x40_png/lightning-arc.png
684,Resources/40x40_png/lightning-bow.png
685,Resources/40x40_png/lightning-branches.png
686,Resources/40x40_png/lightning-frequency.png
687,Resources/40x40_png/lightning-helix.png
688,Resources/40x40_png/lightning-shield.png
689,Resources/40x40_png/lightning-shout.png
690,Resources/40x40_png/lightning-storm.png
691,Resources/40x40_png/lightning-tear.png
692,Resources/40x40_png/linked-rings.png
693,Resources/40x40_png/lion.png
694,Resources/40x40_png/lips.png
695,Resources/40x40_png/lit-candelabra.png
696,Resources/40x40_png/lizard-tongue.png
697,Resources/40x40_png/lizardman.png
698,Resources/40x40_png/lob-arrow.png
699,Resources/40x40_png/locked-chest.png
700,Resources/40x40_png/locked-fortress.png
701,Resources/40x40_png/lotus-flower.png
702,Resources/40x40_png/lotus.png
703,Resources/40x40_png/love-howl.png
704,Resources/40x40_png/love-song.png
705,Resources/40x40_png/lucifer-cannon.png
706,Resources/40x40_png/lyre.png
707,Resources/40x40_png/mace-head.png
708,Resources/40x40_png/machete.png
709,Resources/40x40_png/mad-scientist.png
710,Resources/40x40_png/maggot.png
711,Resources/40x40_png/magic-gate.png
712,Resources/40x40_png/magic-lamp.png
713,Resources/40x40_png/magic-palm.png
714,Resources/40x40_png/magic-portal.png
715,Resources/40x40_png/magic-shield.png
716,Resources/40x40_png/magic-swirl.png
717,Resources/40x40_png/magnet-blast.png
718,Resources/40x40_png/magnet.png
719,Resources/40x40_png/magnifying-glass.png
720,Resources/40x40_png/mail-shirt.png
721,Resources/40x40_png/mailed-fist.png
722,Resources/40x40_png/male.png
723,Resources/40x40_png/manacles.png
724,Resources/40x40_png/mantrap.png
725,Resources/40x40_png/maple-leaf.png
726,Resources/40x40_png/marrow-drain.png
727,Resources/40x40_png/martini.png
728,Resources/40x40_png/masked-spider.png
729,Resources/40x40_png/mass-driver.png
730,Resources/40x40_png/match-head.png
731,Resources/40x40_png/materials-science.png
732,Resources/40x40_png/maze.png
733,Resources/40x40_png/meat-cleaver.png
734,Resources/40x40_png/meat-hook.png
735,Resources/40x40_png/meat.png
736,Resources/40x40_png/mechanical-arm.png
737,Resources/40x40_png/medal-skull.png
738,Resources/40x40_png/medal.png
739,Resources/40x40_png/medical-pack-alt.png
740,Resources/40x40_png/medical-pack.png
741,Resources/40x40_png/meditation.png
742,Resources/40x40_png/mesh-ball.png
743,Resources/40x40_png/metal-bar.png
744,Resources/40x40_png/metal-disc.png
745,Resources/40x40_png/metal-hand.png
746,Resources/40x40_png/meteor-impact.png
747,Resources/40x40_png/microchip.png
748,Resources/40x40_png/microscope-lens.png
749,Resources/40x40_png/mighty-boosh.png
750,Resources/40x40_png/mine-wagon.png
751,Resources/40x40_png/mineral-heart.png
752,Resources/40x40_png/minigun.png
753,Resources/40x40_png/mining.png
754,Resources/40x40_png/minions.png
755,Resources/40x40_png/minotaur.png
756,Resources/40x40_png/miracle-medecine.png
757,Resources/40x40_png/mirror-mirror.png
758,Resources/40x40_png/missile-mech.png
759,Resources/40x40_png/missile-pod.png
760,Resources/40x40_png/missile-swarm.png
761,Resources/40x40_png/mite-alt.png
762,Resources/40x40_png/mite.png
763,Resources/40x40_png/moebius-star.png
764,Resources/40x40_png/moebius-triangle.png
765,Resources/40x40_png/molecule.png
766,Resources/40x40_png/molotov.png
767,Resources/40x40_png/monkey.png
768,Resources/40x40_png/moon.png
769,Resources/40x40_png/morbid-humour.png
770,Resources/40x40_png/mountain-cave.png
771,Resources/40x40_png/mountains.png
772,Resources/40x40_png/mountaintop.png
773,Resources/40x40_png/mouse.png
774,Resources/40x40_png/mouth-watering.png
775,Resources/40x40_png/movement-sensor.png
776,Resources/40x40_png/mucous-pillar.png
777,Resources/40x40_png/muscle-fat.png
778,Resources/40x40_png/muscle-up.png
779,Resources/40x40_png/mushroom-cloud.png
780,Resources/40x40_png/mushroom-gills.png
781,Resources/40x40_png/mushroom.png
782,Resources/40x40_png/nailed-foot.png
783,Resources/40x40_png/nailed-head.png
784,Resources/40x40_png/nails.png
785,Resources/40x40_png/needle-drill.png
786,Resources/40x40_png/needle-jaws.png
787,Resources/40x40_png/night-sky.png
788,Resources/40x40_png/ninja-mask.png
789,Resources/40x40_png/nodular.png
790,Resources/40x40_png/nothing-to-say.png
791,Resources/40x40_png/nuclear.png
792,Resources/40x40_png/oak.png
793,Resources/40x40_png/ocarina.png
794,Resources/40x40_png/octopus.png
795,Resources/40x40_png/omega.png
796,Resources/40x40_png/on-target.png
797,Resources/40x40_png/one-eyed.png
798,Resources/40x40_png/open-book.png
799,Resources/40x40_png/open-wound.png
800,Resources/40x40_png/ophiuchus.png
801,Resources/40x40_png/oppression.png
802,Resources/40x40_png/orb-direction.png
803,Resources/40x40_png/orb-wand.png
804,Resources/40x40_png/orbital.png
805,Resources/40x40_png/ouroboros.png
806,Resources/40x40_png/over-infinity.png
807,Resources/40x40_png/overdose.png
808,Resources/40x40_png/overdrive.png
809,Resources/40x40_png/overhead.png
810,Resources/40x40_png/overkill.png
811,Resources/40x40_png/overmind.png
812,Resources/40x40_png/owl.png
813,Resources/40x40_png/padlock.png
814,Resources/40x40_png/palm-tree.png
815,Resources/40x40_png/palm.png
816,Resources/40x40_png/paper-bomb.png
817,Resources/40x40_png/paper-lantern.png
818,Resources/40x40_png/paper.png
819,Resources/40x40_png/papers.png
820,Resources/40x40_png/parachute.png
821,Resources/40x40_png/paranoia.png
822,Resources/40x40_png/parmecia.png
823,Resources/40x40_png/parrot-head.png
824,Resources/40x40_png/paw-front.png
825,Resources/40x40_png/paw-heart.png
826,Resources/40x40_png/paw.png
827,Resources/40x40_png/pawn.png
828,Resources/40x40_png/pawprint.png
829,Resources/40x40_png/perfume-bottle.png
830,Resources/40x40_png/perspective-dice-six-faces-five.png
831,Resources/40x40_png/perspective-dice-six-faces-four.png
832,Resources/40x40_png/perspective-dice-six-faces-one.png
833,Resources/40x40_png/perspective-dice-six-faces-random.png
834,Resources/40x40_png/perspective-dice-six-faces-six.png
835,Resources/40x40_png/perspective-dice-six-faces-three.png
836,Resources/40x40_png/perspective-dice-six-faces-two.png
837,Resources/40x40_png/pie-slice.png
838,Resources/40x40_png/pierced-body.png
839,Resources/40x40_png/pierced-heart.png
840,Resources/40x40_png/pill-drop.png
841,Resources/40x40_png/pill.png
842,Resources/40x40_png/pincers.png
843,Resources/40x40_png/pine-tree.png
844,Resources/40x40_png/pirate-grave.png
845,Resources/40x40_png/pirate-skull.png
846,Resources/40x40_png/pisces.png
847,Resources/40x40_png/pistol-gun.png
848,Resources/40x40_png/pizza-cutter.png
849,Resources/40x40_png/plain-dagger.png
850,Resources/40x40_png/planks.png
851,Resources/40x40_png/plasma-bolt.png
852,Resources/40x40_png/plastron.png
853,Resources/40x40_png/pocket-bow.png
854,Resources/40x40_png/pointing.png
855,Resources/40x40_png/pointy-hat.png
856,Resources/40x40_png/poison-bottle.png
857,Resources/40x40_png/poison-cloud.png
858,Resources/40x40_png/poison-gas.png
859,Resources/40x40_png/poison.png
860,Resources/40x40_png/poker-hand.png
861,Resources/40x40_png/pollen-dust.png
862,Resources/40x40_png/portculis.png
863,Resources/40x40_png/potion-ball.png
864,Resources/40x40_png/pounce.png
865,Resources/40x40_png/pouring-chalice.png
866,Resources/40x40_png/powder.png
867,Resources/40x40_png/prayer.png
868,Resources/40x40_png/pretty-fangs.png
869,Resources/40x40_png/profit.png
870,Resources/40x40_png/psychic-waves.png
871,Resources/40x40_png/pulse.png
872,Resources/40x40_png/pummeled.png
873,Resources/40x40_png/pumpkin-lantern.png
874,Resources/40x40_png/pumpkin-mask.png
875,Resources/40x40_png/punch.png
876,Resources/40x40_png/puppet.png
877,Resources/40x40_png/pyromaniac.png
878,Resources/40x40_png/quake-stomp.png
879,Resources/40x40_png/queen-crown.png
880,Resources/40x40_png/quick-slash.png
881,Resources/40x40_png/quicksand.png
882,Resources/40x40_png/quill-ink.png
883,Resources/40x40_png/quill.png
884,Resources/40x40_png/rabbit.png
885,Resources/40x40_png/radar-dish.png
886,Resources/40x40_png/radar-sweep.png
887,Resources/40x40_png/radial-balance.png
888,Resources/40x40_png/radioactive.png
889,Resources/40x40_png/ragged-wound.png
890,Resources/40x40_png/rainbow-star.png
891,Resources/40x40_png/raining.png
892,Resources/40x40_png/rally-the-troops.png
893,Resources/40x40_png/ram.png
894,Resources/40x40_png/rapidshare-arrow.png
895,Resources/40x40_png/raven.png
896,Resources/40x40_png/ray-gun.png
897,Resources/40x40_png/razor-blade.png
898,Resources/40x40_png/reactor.png
899,Resources/40x40_png/reaper-scythe.png
900,Resources/40x40_png/recycle.png
901,Resources/40x40_png/regeneration.png
902,Resources/40x40_png/relic-blade.png
903,Resources/40x40_png/reticule.png
904,Resources/40x40_png/revolt.png
905,Resources/40x40_png/ribbon.png
906,Resources/40x40_png/ribcage.png
907,Resources/40x40_png/rifle.png
908,Resources/40x40_png/ringed-planet.png
909,Resources/40x40_png/ringing-bell.png
910,Resources/40x40_png/riot-shield.png
911,Resources/40x40_png/roast-chicken.png
912,Resources/40x40_png/robe.png
913,Resources/40x40_png/robot-golem.png
914,Resources/40x40_png/rock.png
915,Resources/40x40_png/rocket-flight.png
916,Resources/40x40_png/rocket.png
917,Resources/40x40_png/rogue.png
918,Resources/40x40_png/rolling-bomb.png
919,Resources/40x40_png/rose.png
920,Resources/40x40_png/round-bottom-flask.png
921,Resources/40x40_png/round-shield.png
922,Resources/40x40_png/rss (2).png
923,Resources/40x40_png/rss.png
924,Resources/40x40_png/run.png
925,Resources/40x40_png/rune-stone.png
926,Resources/40x40_png/rune-sword.png
927,Resources/40x40_png/saber-slash.png
928,Resources/40x40_png/saber-tooth.png
929,Resources/40x40_png/sacrificial-dagger.png
930,Resources/40x40_png/sad-crab.png
931,Resources/40x40_png/sagittarius.png
932,Resources/40x40_png/salamander.png
933,Resources/40x40_png/salt-shaker.png
934,Resources/40x40_png/sands-of-time.png
935,Resources/40x40_png/saphir.png
936,Resources/40x40_png/sattelite.png
937,Resources/40x40_png/saw-claw.png
938,Resources/40x40_png/scale-mail.png
939,Resources/40x40_png/scales.png
940,Resources/40x40_png/scallop.png
941,Resources/40x40_png/scalpel-strike.png
942,Resources/40x40_png/scalpel.png
943,Resources/40x40_png/scarab-beetle.png
944,Resources/40x40_png/scarecrow.png
945,Resources/40x40_png/scissors (2).png
946,Resources/40x40_png/scissors.png
947,Resources/40x40_png/scorpio.png
948,Resources/40x40_png/scorpion-tail.png
949,Resources/40x40_png/scorpion.png
950,Resources/40x40_png/screaming.png
951,Resources/40x40_png/screwdriver.png
952,Resources/40x40_png/scroll-unfurled.png
953,Resources/40x40_png/scythe.png
954,Resources/40x40_png/sea-dragon.png
955,Resources/40x40_png/sea-serpent.png
956,Resources/40x40_png/seated-mouse.png
957,Resources/40x40_png/select.png
958,Resources/40x40_png/semi-closed-eye.png
959,Resources/40x40_png/sentry-gun.png
960,Resources/40x40_png/serrated-slash.png
961,Resources/40x40_png/sewing-needle.png
962,Resources/40x40_png/shard-sword.png
963,Resources/40x40_png/shark-jaws.png
964,Resources/40x40_png/sharp-crown.png
965,Resources/40x40_png/sharp-smile.png
966,Resources/40x40_png/shatter.png
967,Resources/40x40_png/shattered-glass.png
968,Resources/40x40_png/shattered-sword.png
969,Resources/40x40_png/sheikah-eye.png
970,Resources/40x40_png/shield-echoes.png
971,Resources/40x40_png/shield-reflect.png
972,Resources/40x40_png/shield.png
973,Resources/40x40_png/shieldcomb.png
974,Resources/40x40_png/shining-claw.png
975,Resources/40x40_png/shining-heart.png
976,Resources/40x40_png/shining-sword.png
977,Resources/40x40_png/shiny-apple.png
978,Resources/40x40_png/shiny-iris.png
979,Resources/40x40_png/shiny-purse.png
980,Resources/40x40_png/shotgun.png
981,Resources/40x40_png/shoulder-scales.png
982,Resources/40x40_png/shouting.png
983,Resources/40x40_png/shuriken.png
984,Resources/40x40_png/sickle.png
985,Resources/40x40_png/sideswipe.png
986,Resources/40x40_png/silence.png
987,Resources/40x40_png/sing.png
988,Resources/40x40_png/six-eyes.png
989,Resources/40x40_png/skeleton-inside.png
990,Resources/40x40_png/skeleton-key.png
991,Resources/40x40_png/skid-mark.png
992,Resources/40x40_png/skull-bolt.png
993,Resources/40x40_png/skull-crack.png
994,Resources/40x40_png/skull-crossed-bones.png
995,Resources/40x40_png/skull-in-jar.png
996,Resources/40x40_png/skull-mask.png
997,Resources/40x40_png/skull-ring.png
998,Resources/40x40_png/skull-shield.png
999,Resources/40x40_png/skull-signet.png
1000,Resources/40x40_png/slap.png
1001,Resources/40x40_png/slashed-shield.png
1002,Resources/40x40_png/slavery-whip.png
1003,Resources/40x40_png/sleepy.png
1004,Resources/40x40_png/sliced-bread.png
1005,Resources/40x40_png/slow-blob.png
1006,Resources/40x40_png/sly.png
1007,Resources/40x40_png/small-fire.png
1008,Resources/40x40_png/smitten.png
1009,Resources/40x40_png/smoking-finger.png
1010,Resources/40x40_png/snail.png
1011,Resources/40x40_png/snake-bite.png
1012,Resources/40x40_png/snake-totem.png
1013,Resources/40x40_png/snake.png
1014,Resources/40x40_png/snatch.png
1015,Resources/40x40_png/snorkel.png
1016,Resources/40x40_png/snow-bottle.png
1017,Resources/40x40_png/snowflake-1.png
1018,Resources/40x40_png/snowflake-2.png
1019,Resources/40x40_png/snowing.png
1020,Resources/40x40_png/snowman.png
1021,Resources/40x40_png/sonic-boom.png
1022,Resources/40x40_png/sonic-screech.png
1023,Resources/40x40_png/sonic-shout.png
1024,Resources/40x40_png/space-suit.png
1025,Resources/40x40_png/spade-skull.png
1026,Resources/40x40_png/spade.png
1027,Resources/40x40_png/spanner.png
1028,Resources/40x40_png/sparkling-sabre.png
1029,Resources/40x40_png/sparky-bomb.png
1030,Resources/40x40_png/sparrow.png
1031,Resources/40x40_png/spartan.png
1032,Resources/40x40_png/spatter.png
1033,Resources/40x40_png/spawn-node.png
1034,Resources/40x40_png/spears.png
1035,Resources/40x40_png/spectacle-lenses.png
1036,Resources/40x40_png/spectacles.png
1037,Resources/40x40_png/spectre.png
1038,Resources/40x40_png/spider-alt.png
1039,Resources/40x40_png/spider-face.png
1040,Resources/40x40_png/spikeball.png
1041,Resources/40x40_png/spiked-armor.png
1042,Resources/40x40_png/spiked-collar.png
1043,Resources/40x40_png/spiked-fence.png
1044,Resources/40x40_png/spiked-mace.png
1045,Resources/40x40_png/spiked-shell.png
1046,Resources/40x40_png/spiked-snail.png
1047,Resources/40x40_png/spiked-tentacle.png
1048,Resources/40x40_png/spikes-full.png
1049,Resources/40x40_png/spikes-half.png
1050,Resources/40x40_png/spikes-init.png
1051,Resources/40x40_png/spikes.png
1052,Resources/40x40_png/spill.png
1053,Resources/40x40_png/spinal-coil.png
1054,Resources/40x40_png/spine-arrow.png
1055,Resources/40x40_png/spinning-blades.png
1056,Resources/40x40_png/spinning-sword.png
1057,Resources/40x40_png/spiral-arrow.png
1058,Resources/40x40_png/spiral-bloom.png
1059,Resources/40x40_png/spiral-bottle.png
1060,Resources/40x40_png/spiral-shell.png
1061,Resources/40x40_png/spiral-thrust.png
1062,Resources/40x40_png/splash (2).png
1063,Resources/40x40_png/splash.png
1064,Resources/40x40_png/split-body.png
1065,Resources/40x40_png/split-cross.png
1066,Resources/40x40_png/splurt.png
1067,Resources/40x40_png/spoon.png
1068,Resources/40x40_png/spoted-flower.png
1069,Resources/40x40_png/spotted-mushroom.png
1070,Resources/40x40_png/spotted-wound.png
1071,Resources/40x40_png/spoutnik.png
1072,Resources/40x40_png/spray.png
1073,Resources/40x40_png/sprint.png
1074,Resources/40x40_png/sprout-disc.png
1075,Resources/40x40_png/sprout.png
1076,Resources/40x40_png/spyglass.png
1077,Resources/40x40_png/square-bottle.png
1078,Resources/40x40_png/squid-head.png
1079,Resources/40x40_png/squid.png
1080,Resources/40x40_png/stag-head.png
1081,Resources/40x40_png/stalagtite.png
1082,Resources/40x40_png/star-prominences.png
1083,Resources/40x40_png/star-pupil.png
1084,Resources/40x40_png/star-sattelites.png
1085,Resources/40x40_png/star-swirl.png
1086,Resources/40x40_png/staryu.png
1087,Resources/40x40_png/static.png
1088,Resources/40x40_png/steel-claws.png
1089,Resources/40x40_png/steeltoe-boots.png
1090,Resources/40x40_png/steelwing-emblem.png
1091,Resources/40x40_png/stick-splitting.png
1092,Resources/40x40_png/sticking-plaster.png
1093,Resources/40x40_png/stigmata.png
1094,Resources/40x40_png/stiletto.png
1095,Resources/40x40_png/stitched-wound.png
1096,Resources/40x40_png/stomp.png
1097,Resources/40x40_png/stone-axe.png
1098,Resources/40x40_png/stone-block.png
1099,Resources/40x40_png/stone-crafting.png
1100,Resources/40x40_png/stone-pile.png
1101,Resources/40x40_png/stone-spear.png
1102,Resources/40x40_png/stone-sphere.png
1103,Resources/40x40_png/stone-tablet.png
1104,Resources/40x40_png/stone-throne.png
1105,Resources/40x40_png/stone-tower.png
1106,Resources/40x40_png/stone.png
1107,Resources/40x40_png/stopwatch.png
1108,Resources/40x40_png/strafe.png
1109,Resources/40x40_png/striking-balls.png
1110,Resources/40x40_png/striking-diamonds.png
1111,Resources/40x40_png/strong.png
1112,Resources/40x40_png/suckered-tentacle.png
1113,Resources/40x40_png/suicide.png
1114,Resources/40x40_png/suits.png
1115,Resources/40x40_png/sun.png
1116,Resources/40x40_png/sunbeams.png
1117,Resources/40x40_png/sundial.png
1118,Resources/40x40_png/sunken-eye.png
1119,Resources/40x40_png/sunrise.png
1120,Resources/40x40_png/super-mushroom.png
1121,Resources/40x40_png/supersonic-arrow.png
1122,Resources/40x40_png/supersonic-bullet.png
1123,Resources/40x40_png/surprised-skull.png
1124,Resources/40x40_png/surprised.png
1125,Resources/40x40_png/suspicious.png
1126,Resources/40x40_png/swallow.png
1127,Resources/40x40_png/swamp.png
1128,Resources/40x40_png/swan.png
1129,Resources/40x40_png/swap-bag.png
1130,Resources/40x40_png/sword-array.png
1131,Resources/40x40_png/sword-break.png
1132,Resources/40x40_png/sword-clash.png
1133,Resources/40x40_png/sword-hilt.png
1134,Resources/40x40_png/sword-in-stone.png
1135,Resources/40x40_png/sword-slice.png
1136,Resources/40x40_png/sword-smithing.png
1137,Resources/40x40_png/sword-spade.png
1138,Resources/40x40_png/sword-spin.png
1139,Resources/40x40_png/syringe (2).png
1140,Resources/40x40_png/syringe.png
1141,Resources/40x40_png/tank.png
1142,Resources/40x40_png/target-arrows.png
1143,Resources/40x40_png/target-dummy.png
1144,Resources/40x40_png/target-laser.png
1145,Resources/40x40_png/target-shot.png
1146,Resources/40x40_png/targeted.png
1147,Resources/40x40_png/targeting.png
1148,Resources/40x40_png/tattered-banner.png
1149,Resources/40x40_png/taurus.png
1150,Resources/40x40_png/teapot.png
1151,Resources/40x40_png/tear-tracks.png
1152,Resources/40x40_png/techno-heart.png
1153,Resources/40x40_png/telefrag.png
1154,Resources/40x40_png/telepathy.png
1155,Resources/40x40_png/teleport.png
1156,Resources/40x40_png/templar-heart.png
1157,Resources/40x40_png/temptation.png
1158,Resources/40x40_png/tentacle-strike.png
1159,Resources/40x40_png/tentacurl.png
1160,Resources/40x40_png/terror.png
1161,Resources/40x40_png/tesla-coil.png
1162,Resources/40x40_png/tesla-turret.png
1163,Resources/40x40_png/tesla.png
1164,Resources/40x40_png/test-tubes.png
1165,Resources/40x40_png/thermometer-scale.png
1166,Resources/40x40_png/third-eye.png
1167,Resources/40x40_png/thor-fist.png
1168,Resources/40x40_png/thorn-helix.png
1169,Resources/40x40_png/thorned-arrow.png
1170,Resources/40x40_png/thorny-vine.png
1171,Resources/40x40_png/three-keys.png
1172,Resources/40x40_png/three-leaves.png
1173,Resources/40x40_png/thrown-charcoal.png
1174,Resources/40x40_png/thrown-daggers.png
1175,Resources/40x40_png/thrown-knife.png
1176,Resources/40x40_png/thrown-spear.png
1177,Resources/40x40_png/thrust.png
1178,Resources/40x40_png/thunder-skull.png
1179,Resources/40x40_png/thunder-struck.png
1180,Resources/40x40_png/thunderball.png
1181,Resources/40x40_png/tic-tac-toe.png
1182,Resources/40x40_png/tick.png
1183,Resources/40x40_png/tied-scroll.png
1184,Resources/40x40_png/time-bomb.png
1185,Resources/40x40_png/time-trap.png
1186,Resources/40x40_png/tinker.png
1187,Resources/40x40_png/toad-teeth.png
1188,Resources/40x40_png/tombstone (2).png
1189,Resources/40x40_png/tombstone.png
1190,Resources/40x40_png/tooth.png
1191,Resources/40x40_png/top-hat.png
1192,Resources/40x40_png/top-paw.png
1193,Resources/40x40_png/torch.png
1194,Resources/40x40_png/tornado.png
1195,Resources/40x40_png/totem-head.png
1196,Resources/40x40_png/tower-fall.png
1197,Resources/40x40_png/trade.png
1198,Resources/40x40_png/trample.png
1199,Resources/40x40_png/transfuse.png
1200,Resources/40x40_png/transportation-rings.png
1201,Resources/40x40_png/tread.png
1202,Resources/40x40_png/treasure-map.png
1203,Resources/40x40_png/tree-branch.png
1204,Resources/40x40_png/trefoil-lily.png
1205,Resources/40x40_png/trefoil-shuriken.png
1206,Resources/40x40_png/tribal-mask.png
1207,Resources/40x40_png/trident.png
1208,Resources/40x40_png/trigger-hurt.png
1209,Resources/40x40_png/trilobite.png
1210,Resources/40x40_png/triorb.png
1211,Resources/40x40_png/triple-claws.png
1212,Resources/40x40_png/triple-corn.png
1213,Resources/40x40_png/triple-lock.png
1214,Resources/40x40_png/triple-needle.png
1215,Resources/40x40_png/triple-skulls.png
1216,Resources/40x40_png/tripwire.png
1217,Resources/40x40_png/tron-arrow.png
1218,Resources/40x40_png/trophy.png
1219,Resources/40x40_png/trousers.png
1220,Resources/40x40_png/tune-pitch.png
1221,Resources/40x40_png/turd.png
1222,Resources/40x40_png/turret.png
1223,Resources/40x40_png/turtle-shell.png
1224,Resources/40x40_png/turtle.png
1225,Resources/40x40_png/twirly-flower.png
1226,Resources/40x40_png/twister.png
1227,Resources/40x40_png/two-feathers.png
1228,Resources/40x40_png/two-shadows.png
1229,Resources/40x40_png/tyre.png
1230,Resources/40x40_png/ubisoft-sun.png
1231,Resources/40x40_png/udder.png
1232,Resources/40x40_png/ultrasound.png
1233,Resources/40x40_png/umbrella.png
1234,Resources/40x40_png/uncertainty.png
1235,Resources/40x40_png/underhand.png
1236,Resources/40x40_png/unfriendly-fire.png
1237,Resources/40x40_png/unlit-bomb.png
1238,Resources/40x40_png/unlit-candelabra.png
1239,Resources/40x40_png/unplugged.png
1240,Resources/40x40_png/unstable-projectile.png
1241,Resources/40x40_png/usable.png
1242,Resources/40x40_png/valley.png
1243,Resources/40x40_png/vanilla-flower.png
1244,Resources/40x40_png/vial.png
1245,Resources/40x40_png/vile-fluid.png
1246,Resources/40x40_png/vine-flower.png
1247,Resources/40x40_png/vine-leaf.png
1248,Resources/40x40_png/vine-whip.png
1249,Resources/40x40_png/vintage-robot.png
1250,Resources/40x40_png/viola.png
1251,Resources/40x40_png/virgo.png
1252,Resources/40x40_png/virus.png
1253,Resources/40x40_png/visored-helm.png
1254,Resources/40x40_png/volcano.png
1255,Resources/40x40_png/vomiting.png
1256,Resources/40x40_png/voodoo-doll.png
1257,Resources/40x40_png/vortex.png
1258,Resources/40x40_png/vulture.png
1259,Resources/40x40_png/walking-boot.png
1260,Resources/40x40_png/wasp-sting.png
1261,Resources/40x40_png/water-bolt.png
1262,Resources/40x40_png/water-drop.png
1263,Resources/40x40_png/water-splash.png
1264,Resources/40x40_png/wave-crest.png
1265,Resources/40x40_png/wave-strike.png
1266,Resources/40x40_png/wavy-chains.png
1267,Resources/40x40_png/wavy-itinerary.png
1268,Resources/40x40_png/wax-seal.png
1269,Resources/40x40_png/web-spit.png
1270,Resources/40x40_png/weight-crush.png
1271,Resources/40x40_png/wheat.png
1272,Resources/40x40_png/whip.png
1273,Resources/40x40_png/whiplash.png
1274,Resources/40x40_png/whirlwind.png
1275,Resources/40x40_png/white-book.png
1276,Resources/40x40_png/white-cat.png
1277,Resources/40x40_png/white-tower.png
1278,Resources/40x40_png/wildfires.png
1279,Resources/40x40_png/william-tell.png
1280,Resources/40x40_png/windmill.png
1281,Resources/40x40_png/wine-glass.png
1282,Resources/40x40_png/wing-cloak.png
1283,Resources/40x40_png/winged-arrow.png
1284,Resources/40x40_png/winged-emblem.png
1285,Resources/40x40_png/winged-shield.png
1286,Resources/40x40_png/winged-sword.png
1287,Resources/40x40_png/wingfoot.png
1288,Resources/40x40_png/witch-flight.png
1289,Resources/40x40_png/wizard-staff.png
1290,Resources/40x40_png/wolf-head.png
1291,Resources/40x40_png/wolf-howl.png
1292,Resources/40x40_png/wolf-trap.png
1293,Resources/40x40_png/wolverine-claws.png
1294,Resources/40x40_png/wood-axe.png
1295,Resources/40x40_png/wood-pile.png
1296,Resources/40x40_png/wooden-door.png
1297,Resources/40x40_png/wooden-sign.png
1298,Resources/40x40_png/world.png
1299,Resources/40x40_png/worm-mouth.png
1300,Resources/40x40_png/worried-eyes.png
1301,Resources/40x40_png/wrapped-heart.png
1302,Resources/40x40_png/wrapped-sweet.png
1303,Resources/40x40_png/wrecking-ball.png
1304,Resources/40x40_png/wrench.png
1305,Resources/40x40_png/wyvern.png
1306,Resources/40x40_png/zebra-shield.png
1307,Resources/40x40_png/zeus-sword.png
1308,Resources/40x40_png/zigzag-leaf.png
1309,Resources/40x40_png/zigzag-tune.png
